seed,scenario,lane,folds,trades,total_net,mean_net,hit_rate,trade_tstat,max_drawdown,average_duration,selection_rate,baseline_trade_tstat,baseline_total_net,trade_tstat_delta,total_net_delta,beats_baseline_tstat
335341,regime_switching,catboost_barrier,2,3033,889.9705024321099,0.29342911389123305,0.66864490603363,10.57040438706024,35.29453650189106,3.1823277283217934,0.3402101817902172,10.561341150869302,889.4356140732233,0.009063236190938184,0.5348883588866329,True
335341,regime_switching,catboost_huber,2,2955,913.7722331914456,0.3092291821290848,0.6737732656514382,11.010779923267144,32.21941385581977,3.1150592216582065,0.3314567173962454,10.561341150869302,889.4356140732233,0.44943877239784236,24.336619118222302,True
335341,regime_switching,catboost_point,2,3032,891.1166619375155,0.2939039122485209,0.6688654353562006,10.585395236949351,35.29453650189106,3.1856860158311346,0.3400984263342056,10.561341150869302,889.4356140732233,0.02405408608004933,1.681047864292168,True
335341,regime_switching,catboost_quantile,2,3028,895.0764822442621,0.29559989506085277,0.6697490092470277,10.661921502637977,32.21941385581977,3.178665785997358,0.339650297273036,10.561341150869302,889.4356140732233,0.10058035176867541,5.640868171038846,True
335341,regime_switching,lightgbm_barrier,2,2744,846.1736036518497,0.3083723045378461,0.6731049562682215,10.64121080230779,35.294536501891,3.2099125364431487,0.3077525824292742,10.561341150869302,889.4356140732233,0.07986965143848757,-43.26201042137359,True
335341,regime_switching,lightgbm_huber,2,2934,912.7137569640929,0.3110817167566779,0.6748466257668712,11.007797502603648,34.56335359875163,3.113156100886162,0.3290973964023651,10.561341150869302,889.4356140732233,0.44645635173434606,23.278142890869617,True
335341,regime_switching,lightgbm_point,2,3010,901.8472674810794,0.29961703238574067,0.6704318936877076,10.75895970607677,32.21941385581977,3.1737541528239204,0.3376295643585604,10.561341150869302,889.4356140732233,0.19761855520746785,12.411653407856079,True
335341,regime_switching,lightgbm_quantile,2,2739,861.69418906448,0.31460174847188027,0.674333698430084,10.713955005377658,32.21941385581977,3.0938298649142024,0.3071940819584971,10.561341150869302,889.4356140732233,0.15261385450835618,-27.74142500874325,True
335341,regime_switching,rolling_z,2,3033,889.4356140732233,0.29325275768981973,0.66864490603363,10.561341150869302,35.29453650189106,3.183646554566436,0.34021045859949806,10.561341150869302,889.4356140732233,0.0,0.0,False
335341,stationary_ou,catboost_barrier,2,2009,796.9053250593522,0.39666765806836846,0.710801393728223,13.848634667608648,13.860462744361314,3.241911398705824,0.22981670581149505,15.21756844107757,1116.2982595720118,-1.368933773468921,-319.3929345126596,False
335341,stationary_ou,catboost_huber,2,2390,954.3479985870192,0.3993087860196733,0.707531380753138,14.507869363622122,15.472510116951185,3.0527196652719666,0.27282022223603214,15.21756844107757,1116.2982595720118,-0.709699077455447,-161.9502609849926,False
335341,stationary_ou,catboost_point,2,2390,945.3095869409838,0.3955270238246794,0.7071129707112971,14.392416897484233,16.882937286531273,3.0326359832635985,0.2728003141162986,15.21756844107757,1116.2982595720118,-0.8251515435933356,-170.98867263102807,False
335341,stationary_ou,catboost_quantile,2,2433,941.4414794234899,0.38694676507336206,0.7028360049321825,14.255267996140883,14.685959817962612,3.0801479654747226,0.27773981789457347,15.21756844107757,1116.2982595720118,-0.9623004449366857,-174.85678014852192,False
335341,stationary_ou,lightgbm_barrier,2,2559,984.3351295547013,0.38465616629726507,0.7010550996483002,14.641396967019285,18.4728803422787,3.1535756154747947,0.2925313166434067,15.21756844107757,1116.2982595720118,-0.5761714740582846,-131.9631300173105,False
335341,stationary_ou,lightgbm_huber,2,2384,999.309380072466,0.4191733976814035,0.7126677852348994,15.272265026212933,13.34468937280576,3.0314597315436242,0.2721424093123991,15.21756844107757,1116.2982595720118,0.05469658513536402,-116.98887949954587,True
335341,stationary_ou,lightgbm_point,2,2664,1039.7564695419471,0.3902989750532835,0.7015765765765766,14.912588993525992,16.257811055126467,3.066066066066066,0.3043886187803781,15.21756844107757,1116.2982595720118,-0.30497944755157746,-76.5417900300647,False
335341,stationary_ou,lightgbm_quantile,2,2047,880.2820564845781,0.4300352010183576,0.7210552027357108,14.917256022002327,13.040594125288067,3.1465559355153885,0.23402767650226675,15.21756844107757,1116.2982595720118,-0.300312419075242,-236.01620308743372,False
335341,stationary_ou,rolling_z,2,2939,1116.2982595720118,0.3798224768873807,0.7009186798230691,15.21756844107757,16.58297191655015,3.036066689350119,0.33546610451341274,15.21756844107757,1116.2982595720118,0.0,0.0,False
3141433057,regime_switching,catboost_barrier,2,1171,255.0747068204658,0.21782639352729785,0.6430401366353544,5.057969389309715,37.89285948212856,3.4415029888983772,0.1271278820705137,6.604670515336949,372.9290102532906,-1.5467011260272336,-117.85430343282479,False
3141433057,regime_switching,catboost_huber,2,1498,417.0417988820377,0.27839906467425746,0.6602136181575434,6.72600187830248,33.638259419371536,2.937917222963952,0.1629336737141237,6.604670515336949,372.9290102532906,0.12133136296553104,44.112788628747126,True
3141433057,regime_switching,catboost_point,2,2168,485.4126433894444,0.22389882075158873,0.6411439114391144,6.592926295548381,32.157160225986445,3.1715867158671585,0.23563746799300994,6.604670515336949,372.9290102532906,-0.011744219788567989,112.4836331361538,False
3141433057,regime_switching,catboost_quantile,2,2034,429.22429709577256,0.21102472816901305,0.63913470993117,6.020582366081016,27.542762576219275,3.2502458210422813,0.22122265532271973,6.604670515336949,372.9290102532906,-0.5840881492559324,56.29528684248197,False
3141433057,regime_switching,lightgbm_barrier,2,1157,274.4071869527271,0.23717129382258176,0.651685393258427,5.517850368586738,31.132397661989017,3.2860847018150388,0.1255520660821913,6.604670515336949,372.9290102532906,-1.0868201467502105,-98.52182330056348,False
3141433057,regime_switching,lightgbm_huber,2,1453,411.5854236051257,0.283265948799123,0.6634549208534067,6.805150973249258,32.211372144263066,2.9263592567102545,0.15803465065481856,6.604670515336949,372.9290102532906,0.20048045791230962,38.65641335183511,True
3141433057,regime_switching,lightgbm_point,2,1957,455.41160477895573,0.23270904689778013,0.6494634644864589,6.670147004601531,34.14407309397899,3.1563617782319877,0.2126346141422396,6.604670515336949,372.9290102532906,0.06547648926458205,82.48259452566515,True
3141433057,regime_switching,lightgbm_quantile,2,1429,398.8537835129473,0.27911391428477766,0.6606018194541637,6.749763281260431,30.306586282695775,3.0699790062981105,0.1554283916539787,6.604670515336949,372.9290102532906,0.14509276592348197,25.924773259656718,True
3141433057,regime_switching,rolling_z,2,1232,372.9290102532906,0.3027021187120865,0.663961038961039,6.604670515336949,29.72467416835414,2.929383116883117,0.13373717398782625,6.604670515336949,372.9290102532906,0.0,0.0,False
3141433057,stationary_ou,catboost_barrier,2,1089,358.01376085261757,0.32875460133390044,0.6951331496786042,8.887058950137616,10.310576617051424,3.7860422405876952,0.12053523464774799,11.367774795073462,820.8458739612031,-2.4807158449358457,-462.83211310858553,False
3141433057,stationary_ou,catboost_huber,2,2245,751.1461594014158,0.33458626253960616,0.6828507795100223,11.52032785933598,14.790085062195075,3.021380846325167,0.24901017481844595,11.367774795073462,820.8458739612031,0.15255306426251813,-69.69971455978725,True
3141433057,stationary_ou,catboost_point,2,1605,518.5941401752627,0.32311161381636305,0.685981308411215,9.507666977214738,20.113026102717384,3.074766355140187,0.17941765752491462,11.367774795073462,820.8458739612031,-1.860107817858724,-302.25173378594036,False
3141433057,stationary_ou,catboost_quantile,2,1361,558.5752994332822,0.4104153559392228,0.7090374724467303,11.187060044007698,9.705356465306153,3.032329169728141,0.1513412743670845,11.367774795073462,820.8458739612031,-0.1807147510657643,-262.27057452792087,False
3141433057,stationary_ou,lightgbm_barrier,2,1709,605.1031997839841,0.35406857798945823,0.6939730836746636,11.364978143466347,16.964594790050967,3.3838502047981276,0.18919666396298435,11.367774795073462,820.8458739612031,-0.0027966516071149528,-215.742674177219,False
3141433057,stationary_ou,lightgbm_huber,2,2473,793.1522266138795,0.32072471759558413,0.6825717751718561,11.68602529774891,22.333738510258854,3.0533764658309743,0.27394928293386134,11.367774795073462,820.8458739612031,0.31825050267544874,-27.693647347323576,True
3141433057,stationary_ou,lightgbm_point,2,1796,541.7456879999592,0.30164013808460977,0.678173719376392,9.323124011367273,19.219176726203585,3.087416481069042,0.20034153174819624,11.367774795073462,820.8458739612031,-2.0446507837061887,-279.10018596124394,False
3141433057,stationary_ou,lightgbm_quantile,2,1143,515.3143522936443,0.45084370279408953,0.7217847769028871,11.68977040785394,13.464133792026587,3.164479440069991,0.1261961432975243,11.367774795073462,820.8458739612031,0.32199561278047817,-305.53152166755876,True
3141433057,stationary_ou,rolling_z,2,2721,820.8458739612031,0.3016706629772889,0.6773245130466741,11.367774795073462,16.095052053330747,3.063947078280044,0.3017935213159967,11.367774795073462,820.8458739612031,0.0,0.0,False
1328178339,regime_switching,catboost_barrier,2,2882,502.8938606390199,0.17449474692540595,0.6245662734212353,5.932012747565738,71.73891151828656,3.553435114503817,0.3034738385815174,5.80647998905123,496.4054468853109,0.12553275851450785,6.48841375370904,True
1328178339,regime_switching,catboost_huber,2,2628,543.2178226590413,0.20670388990070065,0.6396499238964992,6.624956879506947,49.740755185932755,3.3729071537290714,0.2767940612149722,5.80647998905123,496.4054468853109,0.8184768904557176,46.81237577373042,True
1328178339,regime_switching,catboost_point,2,2445,497.1391300498761,0.2033288875459616,0.6355828220858896,6.209408582616604,56.83378897997333,3.474437627811861,0.2568977578360744,5.80647998905123,496.4054468853109,0.4029285935653739,0.7336831645652069,True
1328178339,regime_switching,catboost_quantile,2,2690,461.938914567337,0.17172450355663085,0.6263940520446096,5.618162987795014,73.61065238844628,3.4973977695167284,0.2835526021580482,5.80647998905123,496.4054468853109,-0.1883170012562161,-34.46653231797387,False
1328178339,regime_switching,lightgbm_barrier,2,2729,496.2194657186834,0.1818319771779712,0.628068889703188,6.046001241961101,56.83378897997333,3.546353975815317,0.28716452189245534,5.80647998905123,496.4054468853109,0.23952125290987158,-0.18598116662747088,True
1328178339,regime_switching,lightgbm_huber,2,2786,508.96173181542866,0.18268547444918473,0.6302943287867911,6.070150706248846,56.83378897997333,3.512562814070352,0.29326601943677233,5.80647998905123,496.4054468853109,0.26367071719761626,12.556284930117783,True
1328178339,regime_switching,lightgbm_point,2,2800,476.3073385203811,0.17010976375727896,0.625,5.680868215769008,58.155407958244325,3.5382142857142855,0.2947305917986787,5.80647998905123,496.4054468853109,-0.1256117732822215,-20.09810836492977,False
1328178339,regime_switching,lightgbm_quantile,2,2917,494.6648948498033,0.16958001194713862,0.6235858758998971,5.785788713651753,73.44645021260152,3.553993829276654,0.3071986224892158,5.80647998905123,496.4054468853109,-0.020691275399476794,-1.7405520355075623,False
1328178339,regime_switching,rolling_z,2,2916,496.4054468853109,0.17023506408961278,0.6237997256515775,5.80647998905123,74.3714763245764,3.5565843621399176,0.30708957369285184,5.80647998905123,496.4054468853109,0.0,0.0,False
1328178339,stationary_ou,catboost_barrier,2,2593,896.8421968124287,0.34587049626395244,0.6903200925568839,13.019570443559173,16.571921774909868,3.1820285383725415,0.2945785656265911,12.861591547097433,751.3662660036898,0.15797889646174035,145.4759308087389,True
1328178339,stationary_ou,catboost_huber,2,1532,673.4860734099782,0.43961231945821033,0.716710182767624,12.559585372727456,12.286679619580678,2.8237597911227152,0.17419640508476467,12.861591547097433,751.3662660036898,-0.3020061743699767,-77.88019259371163,False
1328178339,stationary_ou,catboost_point,2,2388,930.5614339126338,0.38968234250947814,0.7014237855946399,14.028006355779224,15.211336093897785,3.061139028475712,0.2714431692935253,12.861591547097433,751.3662660036898,1.1664148086817914,179.19516790894397,True
1328178339,stationary_ou,catboost_quantile,2,1932,766.9209269683739,0.39695700153642544,0.7049689440993789,12.823447592744149,11.483538996831427,3.0134575569358177,0.21911981171851352,12.861591547097433,751.3662660036898,-0.038143954353284215,15.554660964684103,False
1328178339,stationary_ou,lightgbm_barrier,2,2594,879.2426549054563,0.33895244984790146,0.6877409406322282,12.66896171634893,12.634958736337197,3.15343099460293,0.29440006698086835,12.861591547097433,751.3662660036898,-0.19262983074850304,127.87638890176652,False
1328178339,stationary_ou,lightgbm_huber,2,1956,818.2777555546351,0.4183424108152531,0.7060327198364008,13.538116125972875,12.032618492865822,2.9217791411042944,0.22204366908973333,12.861591547097433,751.3662660036898,0.6765245788754424,66.91148955094525,True
1328178339,stationary_ou,lightgbm_point,2,1647,713.9353273122015,0.43347621573296996,0.7140255009107468,13.188398659088191,18.726008391181267,3.0406800242865817,0.18683248836403565,12.861591547097433,751.3662660036898,0.3268071119907585,-37.430938691488336,True
1328178339,stationary_ou,lightgbm_quantile,2,2300,938.7042999356362,0.4081323043198418,0.707391304347826,14.438410783774186,11.722870762599314,3.1169565217391306,0.26149277312770514,12.861591547097433,751.3662660036898,1.5768192366767533,187.33803393194637,True
1328178339,stationary_ou,rolling_z,2,1756,751.3662660036898,0.42788511731417417,0.7061503416856492,12.861591547097433,12.931890779725677,2.8211845102505695,0.1995407350634109,12.861591547097433,751.3662660036898,0.0,0.0,False
1031391267,regime_switching,catboost_barrier,2,788,250.31635136365534,0.317660344370121,0.684010152284264,6.289062901718057,19.4315788332801,3.479695431472081,0.08381675369595704,5.388321956976453,334.51208962844953,0.9007409447416039,-84.19573826479419,True
1031391267,regime_switching,catboost_huber,2,1966,479.4568172461865,0.2438742712340725,0.6581892166836215,6.613614390980598,41.91297465609099,3.0844354018311293,0.2121124129031551,5.388321956976453,334.51208962844953,1.2252924340041451,144.944727617737,True
1031391267,regime_switching,catboost_point,2,1371,376.7151922845204,0.27477402792452255,0.6673960612691466,6.487140646743821,27.871109249042547,3.013858497447119,0.14755341014989803,5.388321956976453,334.51208962844953,1.0988186897673682,42.20310265607088,True
1031391267,regime_switching,catboost_quantile,2,1697,406.07821146777167,0.2392918158325113,0.6558632881555686,6.006404918684507,41.43122883591647,3.280494991160872,0.17909719109321226,5.388321956976453,334.51208962844953,0.6180829617080539,71.56612183932214,True
1031391267,regime_switching,lightgbm_barrier,2,1415,308.02862173326884,0.21768807189630307,0.6487632508833923,5.548440241105911,32.04081803342396,3.469964664310954,0.14975345824112613,5.388321956976453,334.51208962844953,0.1601182841294575,-26.483467895180695,True
1031391267,regime_switching,lightgbm_huber,2,1634,437.32005780333117,0.26763773427376447,0.6591187270501836,6.849755896932322,46.41095883758095,3.130966952264382,0.172429157350799,5.388321956976453,334.51208962844953,1.4614339399558691,102.80796817488164,True
1031391267,regime_switching,lightgbm_point,2,1959,471.75098247944277,0.24081214011201774,0.6584992343032159,6.514151299766708,40.70092958181388,3.2725880551301683,0.21220144789763007,5.388321956976453,334.51208962844953,1.1258293427902553,137.23889285099324,True
1031391267,regime_switching,lightgbm_quantile,2,2136,597.4277811957405,0.27969465411785605,0.6643258426966292,8.196065767391145,32.71426073543884,3.394662921348315,0.2295417609290513,5.388321956976453,334.51208962844953,2.807743810414692,262.915691567291,True
1031391267,regime_switching,rolling_z,2,1409,334.51208962844953,0.23741099334879315,0.6493967352732435,5.388321956976453,30.504163893814848,3.0872959545777148,0.15273168908221796,5.388321956976453,334.51208962844953,0.0,0.0,False
1031391267,stationary_ou,catboost_barrier,2,1229,445.4336517048576,0.36243584353527875,0.708706265256306,10.127956322594342,10.00458586647909,3.5248169243287224,0.13821568975575113,12.613270001505434,901.5284504457106,-2.4853136789110923,-456.09479874085304,False
1031391267,stationary_ou,catboost_huber,2,1664,573.6357900934232,0.34473304693114376,0.6875,10.30023998805406,17.312254621669098,3.0697115384615383,0.18733608948182717,12.613270001505434,901.5284504457106,-2.3130300134513746,-327.8926603522874,False
1031391267,stationary_ou,catboost_point,2,1816,614.002018467329,0.3381068383630666,0.6861233480176211,10.689913928262257,14.441087592033114,3.1569383259911894,0.2046556927993507,12.613270001505434,901.5284504457106,-1.923356073243177,-287.52643197838165,False
1031391267,stationary_ou,catboost_quantile,2,1863,676.5848268474169,0.36316952595137786,0.69296833064949,11.671942339044012,15.160253502775277,3.1068169618894257,0.20970882897506785,12.613270001505434,901.5284504457106,-0.941327662461422,-224.9436235982937,False
1031391267,stationary_ou,lightgbm_barrier,2,1594,524.9876313945342,0.32935234089995874,0.6900878293601004,9.834922757807783,16.15656654569775,3.3939774153074027,0.17924823090775355,12.613270001505434,901.5284504457106,-2.7783472436976506,-376.5408190511764,False
1031391267,stationary_ou,lightgbm_huber,2,1949,676.7029102243783,0.34720518739065076,0.689584402257568,11.463589035639203,17.84674711481989,3.1149307337095946,0.2195092195703452,12.613270001505434,901.5284504457106,-1.1496809658662315,-224.8255402213323,False
1031391267,stationary_ou,lightgbm_point,2,1194,466.18185194698765,0.39043706193215044,0.7035175879396985,10.018425132723317,14.6619206531295,3.0309882747068677,0.1344337636644939,12.613270001505434,901.5284504457106,-2.5948448687821166,-435.346598498723,False
1031391267,stationary_ou,lightgbm_quantile,2,2035,694.5014886348803,0.34127837279355294,0.6884520884520885,11.535651471602213,16.22354415909308,3.3144963144963144,0.22915185025490148,12.613270001505434,901.5284504457106,-1.077618529903221,-207.02696181083036,False
1031391267,stationary_ou,rolling_z,2,2717,901.5284504457106,0.3318102504400849,0.6823702613176298,12.613270001505434,16.815392693607464,3.0566801619433197,0.3059768686433155,12.613270001505434,901.5284504457106,0.0,0.0,False
1601311424,regime_switching,catboost_barrier,2,963,250.299645857113,0.2599165585224434,0.6666666666666666,4.930315357171398,29.630373090443403,3.625129802699896,0.10278260908230905,4.769671886355966,321.7206216762902,0.1606434708154314,-71.42097581917719,True
1601311424,regime_switching,catboost_huber,2,1126,302.3914713519031,0.2685537045754024,0.6758436944937833,5.473446889991813,26.703377946147583,3.0452930728241565,0.11832107010770665,4.769671886355966,321.7206216762902,0.7037750036358466,-19.329150324387115,True
1601311424,regime_switching,catboost_point,2,1239,224.7333406454137,0.18138284152172213,0.6359967715899919,3.972497477844163,47.67719034789755,3.4947538337368846,0.1323972818214864,4.769671886355966,321.7206216762902,-0.7971744085118031,-96.98728103087649,False
1601311424,regime_switching,catboost_quantile,2,1454,237.45728555009157,0.1633131262380272,0.6313617606602476,3.969796986695046,56.70701059860483,3.5674002751031635,0.15541724796097703,4.769671886355966,321.7206216762902,-0.79987489966092,-84.26333612619862,False
1601311424,regime_switching,lightgbm_barrier,2,465,104.36431601485052,0.22443938927924842,0.6709677419354839,3.672985001268748,19.213879129681107,4.038709677419355,0.04911265678271802,4.769671886355966,321.7206216762902,-1.0966868850872182,-217.35630566143968,False
1601311424,regime_switching,lightgbm_huber,2,1299,309.04912438339386,0.23791310576088825,0.6605080831408776,5.1715329513190555,29.735632404037077,3.257890685142417,0.13778357064963043,4.769671886355966,321.7206216762902,0.4018610649630894,-12.671497292896333,True
1601311424,regime_switching,lightgbm_point,2,1004,271.01374217056036,0.26993400614597646,0.6872509960159362,5.4230950306609484,27.798771099362185,3.402390438247012,0.10556190548182304,4.769671886355966,321.7206216762902,0.6534231443049823,-50.70687950572983,True
1601311424,regime_switching,lightgbm_quantile,2,740,212.8255093849886,0.2876020397094441,0.6783783783783783,4.710017090130292,18.011874028085288,3.5337837837837838,0.07882788834258031,4.769671886355966,321.7206216762902,-0.059654796225673934,-108.89511229130159,False
1601311424,regime_switching,rolling_z,2,1731,321.7206216762902,0.18585824475811102,0.6377816291161178,4.769671886355966,49.72555205165879,3.2582322357019065,0.1840854494298962,4.769671886355966,321.7206216762902,0.0,0.0,False
1601311424,stationary_ou,catboost_barrier,2,2367,673.3732112457077,0.28448382393143545,0.6738487536966624,10.18255061867679,14.967614813078967,3.1968736797634136,0.2689821050705042,11.270826350369877,572.2468746087944,-1.088275731693086,101.12633663691327,False
1601311424,stationary_ou,catboost_huber,2,2126,682.4149636804967,0.320985401543037,0.680620884289746,10.574663819766721,16.013149144315435,2.989181561618062,0.24183219956280605,11.270826350369877,572.2468746087944,-0.6961625306031554,110.1680890717023,False
1601311424,stationary_ou,catboost_point,2,2332,769.8781154373128,0.3301364131377842,0.6826758147512865,11.525036457416798,16.013149144315435,3.0514579759862777,0.26501494500116185,11.270826350369877,572.2468746087944,0.25421010704692115,197.63124082851834,True
1601311424,stationary_ou,catboost_quantile,2,2647,816.4243700615626,0.3084338383307755,0.6773706082357386,11.431323198536878,15.17878375925028,3.0759350207782394,0.3004799417211788,11.270826350369877,572.2468746087944,0.16049684816700172,244.1774954527682,True
1601311424,stationary_ou,lightgbm_barrier,2,1868,572.5170511214609,0.30648664406930454,0.680406852248394,9.706985881393958,14.894570120196533,3.1231263383297643,0.21284807406386816,11.270826350369877,572.2468746087944,-1.5638404689759184,0.2701765126664668,False
1601311424,stationary_ou,lightgbm_huber,2,1950,621.5220158714625,0.3187292389084423,0.6779487179487179,9.98341794737546,16.45353446509631,2.973846153846154,0.22206482644879627,11.270826350369877,572.2468746087944,-1.2874084029944175,49.27514126266806,False
1601311424,stationary_ou,lightgbm_point,2,2114,702.1468253209447,0.33214135540252826,0.6840113528855251,10.93147154903373,14.967614813078967,2.9720908230842005,0.2405125204870415,11.270826350369877,572.2468746087944,-0.33935480133614604,129.89995071215026,False
1601311424,stationary_ou,lightgbm_quantile,2,2090,677.0695210535389,0.32395670863805687,0.6827751196172249,10.661135283403983,16.45353446509631,3.028708133971292,0.23782349989615098,11.270826350369877,572.2468746087944,-0.6096910669658939,104.82264644474446,False
1601311424,stationary_ou,rolling_z,2,1287,572.2468746087944,0.44463626620729946,0.710955710955711,11.270826350369877,10.36604307392468,2.682206682206682,0.14594001846661306,11.270826350369877,572.2468746087944,0.0,0.0,False
